['email'],['nombre'],['provincia'],['partido']
jose.alfaro@asamblea.go.cr,JOSÉ ALBERTO ALFARO JIMÉNEZ,2-Alajuela,Partido Movimiento Libertario (PML)
william.alvarado@asamblea.go.cr,WILLIAM ALVARADO BOGANTES,4-Heredia,Partido Unidad Social Cristiana (PUSC)
marta.arauz@asamblea.go.cr,MARTA ARABELA ARAUZ MORA,5-Guanacaste,Partido Liberación Nacional (PLN)
edgardo.araya@asamblea.go.cr,EDGARDO VINICIO ARAYA SIBAJA,2-Alajuela,Partido Frente Amplio (PFA)
michael.arce@asamblea.go.cr,MICHAEL JAKE ARCE SANCHO,2-Alajuela,Partido Liberación Nacional (PLN)
jorge.arguedas@asamblea.go.cr,JORGE ARTURO ARGUEDAS MORA,1-San José,Partido Frente Amplio (PFA)
carlos.arguedas@asamblea.go.cr,CARLOS MANUEL ARGUEDAS RAMÍREZ,1-San José,Partido Liberación Nacional (PLN)
ruperto.atencio@asamblea.go.cr,MARVIN ATENCIO DELGADO,1-San José,Partido Acción Ciudadana (PAC)
ronald.calvo@asamblea.go.cr,RONALD CALVO CANALES,5-Guanacaste,Partido Liberación Nacional (PLN)
jose.francisco.camacho@asamblea.go.cr,JOSÉ FRANCISCO CAMACHO LEIVA,3-Cartago,Partido Frente Amplio (PFA)
javier.cambronero@asamblea.go.cr,JAVIER FRANCISCO CAMBRONERO ARGUEDAS,2-Alajuela,Partido Acción Ciudadana (PAC)
epsy.campbell@asamblea.go.cr,EPSY ALEJANDRA CAMBELL BARR,1-San José,Partido Acción Ciudadana (PAC)
suray.carrillo@asamblea.go.cr,SURAY CARRILLO GUEVARA,5-Guanacaste,Partido Frente Amplio (PFA)
maureen.clarke@asamblea.go.cr,MAUREEN CECILIA CLARKE CLARKE,1-San José,Partido Liberación Nacional (PLN)
franklin.corella@asamblea.go.cr,FRANKLIN CORELLA VARGAS,2-Alajuela,Partido Acción Ciudadana (PAC)
ndiaz@asamblea.go.cr,NATALIA DÍAS QUINTANA,1-San José,Partido Movimiento Libertario (PML)
abelino.esquivel@asamblea.go.cr,ABELINO ESQUIVEL QUESADA,7-Limón,Partido Renovación Costarricense (PRC)
maureen.fallas@asamblea.go.cr,MAUREEN FALLAS FALLAS,1-San José,Partido Liberación Nacional (PLN)
ligia.fallas@asamblea.go.cr,LIGIA ELENA FALLAS RODRÍGUEZ,2-Alajuela,Partido Frente Amplio (PFA)
laura.garro@asamblea.go.cr,LAURA MARÍA GARRO SÁNCHEZ,6-Puntarenas,Partido Acción Ciudadana (PAC)
rolando.gonzalez@asamblea.go.cr,ROLANDO GONZÁLEZ ULLOA,2-Alajuela,Partido Liberación Nacional (PLN)
marcela.guerrero@asamblea.go.cr,MARCELA GUERRERO CAMPOS,1-San José,Partido Acción Ciudadana (PAC)
otto.guevara@asamblea.go.cr,OTTO GUEVARA GUTH,1-San José,Partido Movimiento Libertario (PML)
danny.hayling@asamblea.go.cr,DANNY HAYLING CARCACHE,7-Limón,Partido Liberación Nacional (PLN)
carlos.hernandez@asamblea.go.cr,CARLOS ENRIQUE HERNÁNDEZ ÁLVAREZ,6-Puntarenas,Partido Frente Amplio (PFA)
nidia.jimenez@asámblea.go.cr,NIDIA MARÍA JIMÉNEZ VÁSQUEZ,2-Alajuela,Partido Acción Ciudadana (PAC)
juan.Jimenez@asamblea.go.cr,JUAN LUIS JIMÉNEZ SUCCAR,1-San José,Partido Liberación Nacional (PLN)
olivier.jimenez@asamblea.go.cr,OLIVIER IBO JIMÉNEZ ROJAS,6-Puntarenas,Partido Liberación Nacional (PLN)
johnny.leiva@asamblea.go.cr,JOHNNY LEIVA BADILLA,5-Guanacaste,Partido Unidad Social Cristiana (PUSC)
oscar.lopez@asamblea.go.cr,ÓSCAR LÓPEZ,1-San José,Partido Accesibilidad Sin Exclusión (PASE)
alexandra.loria@asamblea.go.cr,ALEXANDRA LORIA BEECHE,1-San José,Partido Restauración Nacional (PRN)
marlene.madrigal@asamblea.go.cr,MARLENE MADRIGAL FLORES,4-Heredia,Partido Acción Ciudadana (PAC)
emilia.molina@asamblea.go.cr,EMILIA MOLINA CRUZ,3-Cartago,Partido Acción Ciudadana (PAC)
ronny.monge@asamblea.go.cr,RONNY MONGE SALAS,4-Heredia,Partido Liberación Nacional (PLN)
steven.nunez@asamblea.go.cr,STEVEN NÚNEZ RÍMOLA,4-Heredia,Partido Acción Ciudadana (PAC)
patricia.mora@asamblea.go.cr,PATRICIA MORA CASTELLANOS,1-San José,Partido Frente Amplio (PFA)
victor.morales@asamblea.go.cr,VÍCTOR HUGO MORALES ZAPATA,1-San José,Partido Acción Ciudadana (PAC)
rafael.ortiz@asamblea.go.cr,RAFAEL ÁNGEL ORTIZ FÁBREGA,2-Alajuela,Partido Unidad Social Cristiana (PUSC)
sandra.piszk@asamblea.go.cr,SANDRA PISZK FEINZILBER,1-San José,Partido Liberación Nacional (PLN)
karla.prendas@asamblea.go.cr,KARLA VANESSA PRENDAS MATARRITA,6-Puntarenas,Partido Liberación Nacional (PLN)
carmen.quesada@asamblea.go.cr,CARMEN QUESADA SANTAMARÍA,7-Limón,Independiente
paulina.ramirez@asamblea.go.cr,PAULINA MARÍA RAMÍREZ PORTUGUEZ,3-Cartago,Partido Liberación Nacional (PLN)
jose.ramirez@asamblea.go.cr,JOSÉ ANTONIO RAMÍREZ AGUILAR,4-Heredia,Partido Frente Amplio (PFA)
gonzalo.ramírez@asamblea.go.cr,GONZALO ALBERTO RÁMIREZ ZAMORA,1-San José,Partido Renovación Costarricense (PRC)
rosibel.ramos@asamblea.go.cr,ROSIBEL RAMOS MADRIGAL,1-San José,Partido Unidad Social Cristiana (PUSC)
marco.redondo@asamblea.go.cr,MARCO VINICIO REDONDO QUIRÓS,3-Cartago,Partido Acción Ciudadana (PAC)
mario.redondo@asamblea.go.cr,MARIO REDONDO POVEDA,3-Cartago,Partido Alianza Demócrata Cristiana (PADC)
jorge.rodriguez@asamblea.go.cr,JORGE RODRÍGUEZ ARAYA,3-Cartago,Partido Unidad Social Cristiana (PUSC)
julio.rojas@asamblea.go.cr,JULIO ANTONIO ROJAS ASTORGA,3-Cartago,Partido Liberación Nacional (PLN)
silvia.sanchez@asamblea.go.cr,SILVIA VANESSA SÁNCHEZ VANEGAS,2-Alajuela,Partido Liberación Nacional (PLN)
aracelli.segura@asamblea.go.cr ,ARACELLI SEGURA RETANA,2-Alajuela,Partido Liberación Nacional (PLN)
otton.solis@asamblea.go.cr,OTTÓN SOLÍS FALLAS,1-San José,Partido Acción Ciudadana (PAC)
lorelly.trejos@asamblea.go.cr,LORELLY TREJOS SALAS,4-Heredia,Partido Liberación Nacional (PLN)
humberto.vargas@asamblea.go.cr,HUMBERTO VARGAS CORRALES,1-San José,Partido Unidad Social Cristiana (PUSC)
gvargas@asamblea.go.cr,GERARDO VARGAS VARELA,7-Limón,Partido Frente Amplio (PFA)
gerardo.vargas.rojas@asamblea.go.cr,GERARDO VARGAS ROJAS,6-Puntarenas,Partido Unidad Social Cristiana (PUSC)
lvasquez@asamblea.go.cr,LUIS ALBERTO VÁSQUEZ CASTRO,7-Limón,Partido Unidad Social Cristiana (PUSC)
